date,track,index_level
2024-06-12,real,100.0
2024-06-12,synthetic,100.0
2024-06-13,real,100.0
2024-06-13,synthetic,100.0
2024-06-14,real,100.0
2024-06-14,synthetic,100.0
2024-06-15,real,100.0
2024-06-15,synthetic,100.0
2024-06-16,real,100.0
2024-06-16,synthetic,100.0
2024-06-17,real,100.0
2024-06-17,synthetic,100.0
2024-06-18,real,100.0
2024-06-18,synthetic,99.984
2024-06-19,real,100.0
2024-06-19,synthetic,99.9252
2024-06-20,real,100.0
2024-06-20,synthetic,99.62370000000001
2024-06-21,real,100.0
2024-06-21,synthetic,99.31209999999999
2024-06-22,real,100.0
2024-06-22,synthetic,99.46709999999999
2024-06-23,real,99.73100000000001
2024-06-23,synthetic,99.721
2024-06-24,real,99.73100000000001
2024-06-24,synthetic,99.8042
2024-06-25,real,99.73100000000001
2024-06-25,synthetic,99.66850000000001
2024-06-26,real,99.73100000000001
2024-06-26,synthetic,99.4851
2024-06-27,real,99.73100000000001
2024-06-27,synthetic,99.2228
2024-06-28,real,99.73100000000001
2024-06-28,synthetic,99.0879
2024-06-29,real,99.73100000000001
2024-06-29,synthetic,99.40209999999999
2024-06-30,real,99.35
2024-06-30,synthetic,99.7078
2024-07-01,real,99.35
2024-07-01,synthetic,99.8313
2024-07-02,real,99.35
2024-07-02,synthetic,99.92049999999999
2024-07-03,real,99.35
2024-07-03,synthetic,100.09190000000001
2024-07-04,real,99.35
2024-07-04,synthetic,100.1341
2024-07-05,real,99.35
2024-07-05,synthetic,100.06049999999999
2024-07-06,real,99.35
2024-07-06,synthetic,100.22030000000001
2024-07-07,real,99.242
2024-07-07,synthetic,100.29700000000001
2024-07-08,real,99.242
2024-07-08,synthetic,100.4664
2024-07-09,real,99.242
2024-07-09,synthetic,100.5513
2024-07-10,real,99.242
2024-07-10,synthetic,100.6003
2024-07-11,real,99.242
2024-07-11,synthetic,100.4024
2024-07-12,real,99.242
2024-07-12,synthetic,100.2816
2024-07-13,real,99.242
2024-07-13,synthetic,100.4757
2024-07-14,real,99.56066666666668
2024-07-14,synthetic,100.68709999999999
2024-07-15,real,99.56066666666668
2024-07-15,synthetic,100.7282
2024-07-16,real,99.56066666666668
2024-07-16,synthetic,100.5836
2024-07-17,real,99.56066666666668
2024-07-17,synthetic,100.3717
2024-07-18,real,99.56066666666668
2024-07-18,synthetic,100.1995
2024-07-19,real,99.56066666666668
2024-07-19,synthetic,99.9472
2024-07-20,real,99.56066666666668
2024-07-20,synthetic,100.0208
2024-07-21,real,99.93900000000001
2024-07-21,synthetic,100.14959999999999
2024-07-22,real,99.93900000000001
2024-07-22,synthetic,100.1632
2024-07-23,real,99.93900000000001
2024-07-23,synthetic,100.04709999999999
2024-07-24,real,99.93900000000001
2024-07-24,synthetic,99.90520000000001
2024-07-25,real,99.93900000000001
2024-07-25,synthetic,99.7877
2024-07-26,real,99.93900000000001
2024-07-26,synthetic,99.6653
2024-07-27,real,99.93900000000001
2024-07-27,synthetic,99.8985
2024-07-28,real,99.875
2024-07-28,synthetic,100.0115
2024-07-29,real,99.875
2024-07-29,synthetic,100.1083
2024-07-30,real,99.875
2024-07-30,synthetic,100.0386
2024-07-31,real,99.875
2024-07-31,synthetic,100.1708
2024-08-01,real,99.875
2024-08-01,synthetic,100.2421
2024-08-02,real,99.875
2024-08-02,synthetic,100.2904
2024-08-03,real,99.875
2024-08-03,synthetic,100.4767
2024-08-04,real,99.68066666666667
2024-08-04,synthetic,100.7457
2024-08-05,real,99.68066666666667
2024-08-05,synthetic,100.88969999999999
2024-08-06,real,99.68066666666667
2024-08-06,synthetic,100.78190000000001
2024-08-07,real,99.68066666666667
2024-08-07,synthetic,100.65459999999999
2024-08-08,real,99.68066666666667
2024-08-08,synthetic,100.4956
2024-08-09,real,99.68066666666667
2024-08-09,synthetic,100.30799999999999
2024-08-10,real,99.68066666666667
2024-08-10,synthetic,100.4719
2024-08-11,real,99.21633333333332
2024-08-11,synthetic,100.6364
2024-08-12,real,99.21633333333332
2024-08-12,synthetic,100.6158
2024-08-13,real,99.21633333333332
2024-08-13,synthetic,100.4889
2024-08-14,real,99.21633333333332
2024-08-14,synthetic,100.38
2024-08-15,real,99.21633333333332
2024-08-15,synthetic,100.24549999999999
2024-08-16,real,99.21633333333332
2024-08-16,synthetic,100.146
2024-08-17,real,99.21633333333332
2024-08-17,synthetic,100.26299999999999
2024-08-18,real,98.71766666666667
2024-08-18,synthetic,100.5115
2024-08-19,real,98.71766666666667
2024-08-19,synthetic,100.75319999999999
2024-08-20,real,98.71766666666667
2024-08-20,synthetic,100.8051
2024-08-21,real,98.71766666666667
2024-08-21,synthetic,100.77879999999999
2024-08-22,real,98.71766666666667
2024-08-22,synthetic,100.66590000000001
2024-08-23,real,98.71766666666667
2024-08-23,synthetic,100.48049999999999
2024-08-24,real,98.71766666666667
2024-08-24,synthetic,100.5309
2024-08-25,real,98.30833333333334
2024-08-25,synthetic,100.59370000000001
2024-08-26,real,98.30833333333334
2024-08-26,synthetic,100.5063
2024-08-27,real,98.30833333333334
2024-08-27,synthetic,100.396
2024-08-28,real,98.30833333333334
2024-08-28,synthetic,100.2279
2024-08-29,real,98.30833333333334
2024-08-29,synthetic,99.9234
2024-08-30,real,98.30833333333334
2024-08-30,synthetic,99.7846
2024-08-31,real,98.30833333333334
2024-08-31,synthetic,99.8232
2024-09-01,real,97.836
2024-09-01,synthetic,99.87729999999999
2024-09-02,real,97.836
2024-09-02,synthetic,99.838
2024-09-03,real,97.836
2024-09-03,synthetic,99.67110000000001
2024-09-04,real,97.836
2024-09-04,synthetic,99.6442
2024-09-05,real,97.836
2024-09-05,synthetic,99.5708
2024-09-06,real,97.836
2024-09-06,synthetic,99.5536
2024-09-07,real,97.836
2024-09-07,synthetic,99.9187
2024-09-08,real,97.27133333333333
2024-09-08,synthetic,99.9883
2024-09-09,real,97.27133333333333
2024-09-09,synthetic,99.98360000000001
2024-09-10,real,97.27133333333333
2024-09-10,synthetic,99.93610000000001
2024-09-11,real,97.27133333333333
2024-09-11,synthetic,99.781
2024-09-12,real,97.27133333333333
2024-09-12,synthetic,99.5082
2024-09-13,real,97.27133333333333
2024-09-13,synthetic,99.37129999999999
2024-09-14,real,97.27133333333333
2024-09-14,synthetic,99.5134
2024-09-15,real,97.06533333333333
2024-09-15,synthetic,99.4962
2024-09-16,real,97.06533333333333
2024-09-16,synthetic,99.464
2024-09-17,real,97.06533333333333
2024-09-17,synthetic,99.40979999999999
2024-09-18,real,97.06533333333333
2024-09-18,synthetic,99.3203
2024-09-19,real,97.06533333333333
2024-09-19,synthetic,99.1999
2024-09-20,real,97.06533333333333
2024-09-20,synthetic,99.1921
2024-09-21,real,97.06533333333333
2024-09-21,synthetic,99.43610000000001
2024-09-22,real,97.196
2024-09-22,synthetic,99.689
2024-09-23,real,97.196
2024-09-23,synthetic,99.95290000000001
2024-09-24,real,97.196
2024-09-24,synthetic,100.0167
2024-09-25,real,97.196
2024-09-25,synthetic,99.8039
2024-09-26,real,97.196
2024-09-26,synthetic,99.5509
2024-09-27,real,97.196
2024-09-27,synthetic,99.3026
2024-09-28,real,97.196
2024-09-28,synthetic,99.4458
2024-09-29,real,97.16566666666668
2024-09-29,synthetic,99.62110000000001
2024-09-30,real,97.16566666666668
2024-09-30,synthetic,99.7457
2024-10-01,real,97.16566666666668
2024-10-01,synthetic,99.8201
2024-10-02,real,97.16566666666668
2024-10-02,synthetic,99.7102
2024-10-03,real,97.16566666666668
2024-10-03,synthetic,99.37540000000001
2024-10-04,real,97.16566666666668
2024-10-04,synthetic,99.15360000000001
2024-10-05,real,97.16566666666668
2024-10-05,synthetic,99.15969999999999
2024-10-06,real,97.07833333333333
2024-10-06,synthetic,99.1152
2024-10-07,real,97.07833333333333
2024-10-07,synthetic,99.0598
2024-10-08,real,97.07833333333333
2024-10-08,synthetic,98.9597
2024-10-09,real,97.07833333333333
2024-10-09,synthetic,98.9418
2024-10-10,real,97.07833333333333
2024-10-10,synthetic,98.8192
2024-10-11,real,97.07833333333333
2024-10-11,synthetic,98.6999
2024-10-12,real,97.07833333333333
2024-10-12,synthetic,98.73370000000001
2024-10-13,real,96.97533333333334
2024-10-13,synthetic,98.7366
2024-10-14,real,96.97533333333334
2024-10-14,synthetic,98.8268
2024-10-15,real,96.97533333333334
2024-10-15,synthetic,98.8841
2024-10-16,real,96.97533333333334
2024-10-16,synthetic,98.7008
2024-10-17,real,96.97533333333334
2024-10-17,synthetic,98.35770000000001
2024-10-18,real,96.97533333333334
2024-10-18,synthetic,98.1823
2024-10-19,real,96.97533333333334
2024-10-19,synthetic,98.2878
2024-10-20,real,96.80133333333333
2024-10-20,synthetic,98.31219999999999
2024-10-21,real,96.80133333333333
2024-10-21,synthetic,98.4357
2024-10-22,real,96.80133333333333
2024-10-22,synthetic,98.51700000000001
2024-10-23,real,96.80133333333333
2024-10-23,synthetic,98.33059999999999
2024-10-24,real,96.80133333333333
2024-10-24,synthetic,98.236
2024-10-25,real,96.80133333333333
2024-10-25,synthetic,98.2308
2024-10-26,real,96.80133333333333
2024-10-26,synthetic,98.4576
2024-10-27,real,96.98266666666667
2024-10-27,synthetic,98.557
2024-10-28,real,96.98266666666667
2024-10-28,synthetic,98.6743
2024-10-29,real,96.98266666666667
2024-10-29,synthetic,98.7861
2024-10-30,real,96.98266666666667
2024-10-30,synthetic,98.74889999999999
2024-10-31,real,96.98266666666667
2024-10-31,synthetic,98.54180000000001
2024-11-01,real,96.98266666666667
2024-11-01,synthetic,98.5809
2024-11-02,real,96.98266666666667
2024-11-02,synthetic,98.72409999999999
2024-11-03,real,97.19833333333332
2024-11-03,synthetic,98.8016
2024-11-04,real,97.19833333333332
2024-11-04,synthetic,98.80040000000001
2024-11-05,real,97.19833333333332
2024-11-05,synthetic,98.89139999999999
2024-11-06,real,97.19833333333332
2024-11-06,synthetic,98.68969999999999
2024-11-07,real,97.19833333333332
2024-11-07,synthetic,98.43379999999999
2024-11-08,real,97.19833333333332
2024-11-08,synthetic,98.1622
2024-11-09,real,97.19833333333332
2024-11-09,synthetic,98.19879999999999
2024-11-10,real,97.20866666666667
2024-11-10,synthetic,98.3239
2024-11-11,real,97.20866666666667
2024-11-11,synthetic,98.33290000000001
2024-11-12,real,97.20866666666667
2024-11-12,synthetic,98.33840000000001
2024-11-13,real,97.20866666666667
2024-11-13,synthetic,98.2474
2024-11-14,real,97.20866666666667
2024-11-14,synthetic,98.0934
2024-11-15,real,97.20866666666667
2024-11-15,synthetic,98.0868
2024-11-16,real,97.20866666666667
2024-11-16,synthetic,98.3028
2024-11-17,real,97.07733333333334
2024-11-17,synthetic,98.447
2024-11-18,real,97.07733333333334
2024-11-18,synthetic,98.40790000000001
2024-11-19,real,97.07733333333334
2024-11-19,synthetic,98.3741
2024-11-20,real,97.07733333333334
2024-11-20,synthetic,98.23129999999999
2024-11-21,real,97.07733333333334
2024-11-21,synthetic,98.01559999999999
2024-11-22,real,97.07733333333334
2024-11-22,synthetic,97.84459999999999
2024-11-23,real,97.07733333333334
2024-11-23,synthetic,97.7905
2024-11-24,real,96.91833333333334
2024-11-24,synthetic,97.8933
2024-11-25,real,96.91833333333334
2024-11-25,synthetic,98.1252
2024-11-26,real,96.91833333333334
2024-11-26,synthetic,98.072
2024-11-27,real,96.91833333333334
2024-11-27,synthetic,98.0015
2024-11-28,real,96.91833333333334
2024-11-28,synthetic,97.8079
2024-11-29,real,96.91833333333334
2024-11-29,synthetic,97.7745
2024-11-30,real,96.91833333333334
2024-11-30,synthetic,98.085
2024-12-01,real,96.58933333333333
2024-12-01,synthetic,98.31549999999999
2024-12-02,real,96.58933333333333
2024-12-02,synthetic,98.38719999999999
2024-12-03,real,96.58933333333333
2024-12-03,synthetic,98.5076
2024-12-04,real,96.58933333333333
2024-12-04,synthetic,98.3899
2024-12-05,real,96.58933333333333
2024-12-05,synthetic,98.1829
2024-12-06,real,96.58933333333333
2024-12-06,synthetic,97.8791
2024-12-07,real,96.58933333333333
2024-12-07,synthetic,98.0526
2024-12-08,real,96.40100000000001
2024-12-08,synthetic,98.3815
2024-12-09,real,96.40100000000001
2024-12-09,synthetic,98.48010000000001
2024-12-10,real,96.40100000000001
2024-12-10,synthetic,98.3415
2024-12-11,real,96.40100000000001
2024-12-11,synthetic,98.11930000000001
2024-12-12,real,96.40100000000001
2024-12-12,synthetic,97.9453
2024-12-13,real,96.40100000000001
2024-12-13,synthetic,97.8946
2024-12-14,real,96.40100000000001
2024-12-14,synthetic,98.1666
2024-12-15,real,96.414
2024-12-15,synthetic,98.42280000000001
2024-12-16,real,96.414
2024-12-16,synthetic,98.6302
2024-12-17,real,96.414
2024-12-17,synthetic,98.6359
2024-12-18,real,96.414
2024-12-18,synthetic,98.4667
2024-12-19,real,96.414
2024-12-19,synthetic,98.1986
2024-12-20,real,96.414
2024-12-20,synthetic,98.0709
2024-12-21,real,96.414
2024-12-21,synthetic,98.1352
2024-12-22,real,96.64866666666667
2024-12-22,synthetic,98.2676
2024-12-23,real,96.64866666666667
2024-12-23,synthetic,98.256
2024-12-24,real,96.64866666666667
2024-12-24,synthetic,98.2257
2024-12-25,real,96.64866666666667
2024-12-25,synthetic,98.24700000000001
2024-12-26,real,96.64866666666667
2024-12-26,synthetic,98.16290000000001
2024-12-27,real,96.64866666666667
2024-12-27,synthetic,98.2743
2024-12-28,real,96.64866666666667
2024-12-28,synthetic,98.7317
2024-12-29,real,97.41233333333334
2024-12-29,synthetic,99.0213
2024-12-30,real,97.41233333333334
2024-12-30,synthetic,99.23200000000001
2024-12-31,real,97.41233333333334
2024-12-31,synthetic,99.1936
2025-01-01,real,97.41233333333334
2025-01-01,synthetic,99.0367
2025-01-02,real,97.41233333333334
2025-01-02,synthetic,98.82799999999999
2025-01-03,real,97.41233333333334
2025-01-03,synthetic,98.6517
2025-01-04,real,97.41233333333334
2025-01-04,synthetic,98.6382
2025-01-05,real,98.13166666666666
2025-01-05,synthetic,98.699
2025-01-06,real,98.13166666666666
2025-01-06,synthetic,98.6707
2025-01-07,real,98.13166666666666
2025-01-07,synthetic,98.632
2025-01-08,real,98.13166666666666
2025-01-08,synthetic,98.58229999999999
2025-01-09,real,98.13166666666666
2025-01-09,synthetic,98.39049999999999
2025-01-10,real,98.13166666666666
2025-01-10,synthetic,98.3231
2025-01-11,real,98.13166666666666
2025-01-11,synthetic,98.65180000000001
2025-01-12,real,98.16233333333334
2025-01-12,synthetic,98.90549999999999
2025-01-13,real,98.16233333333334
2025-01-13,synthetic,99.06620000000001
2025-01-14,real,98.16233333333334
2025-01-14,synthetic,98.95100000000001
2025-01-15,real,98.16233333333334
2025-01-15,synthetic,98.91149999999999
2025-01-16,real,98.16233333333334
2025-01-16,synthetic,98.68540000000002
2025-01-17,real,98.16233333333334
2025-01-17,synthetic,98.4268
2025-01-18,real,98.16233333333334
2025-01-18,synthetic,98.34549999999999
2025-01-19,real,97.912
2025-01-19,synthetic,98.4585
2025-01-20,real,97.912
2025-01-20,synthetic,98.46879999999999
2025-01-21,real,97.912
2025-01-21,synthetic,98.4825
2025-01-22,real,97.912
2025-01-22,synthetic,98.37899999999999
2025-01-23,real,97.912
2025-01-23,synthetic,98.1192
2025-01-24,real,97.912
2025-01-24,synthetic,97.8831
2025-01-25,real,97.912
2025-01-25,synthetic,98.03280000000001
2025-01-26,real,97.79866666666666
2025-01-26,synthetic,98.0235
2025-01-27,real,97.79866666666666
2025-01-27,synthetic,97.90709999999999
2025-01-28,real,97.79866666666666
2025-01-28,synthetic,97.7109
2025-01-29,real,97.79866666666666
2025-01-29,synthetic,97.5334
2025-01-30,real,97.79866666666666
2025-01-30,synthetic,97.2928
2025-01-31,real,97.79866666666666
2025-01-31,synthetic,97.1162
2025-02-01,real,97.79866666666666
2025-02-01,synthetic,97.3537
2025-02-02,real,97.99766666666666
2025-02-02,synthetic,97.51350000000001
2025-02-03,real,97.99766666666666
2025-02-03,synthetic,97.65010000000001
2025-02-04,real,97.99766666666666
2025-02-04,synthetic,97.7257
2025-02-05,real,97.99766666666666
2025-02-05,synthetic,97.635
2025-02-06,real,97.99766666666666
2025-02-06,synthetic,97.5957
2025-02-07,real,97.99766666666666
2025-02-07,synthetic,97.45559999999999
2025-02-08,real,97.99766666666666
2025-02-08,synthetic,97.62620000000001
2025-02-09,real,98.36166666666666
2025-02-09,synthetic,97.6084
2025-02-10,real,98.36166666666666
2025-02-10,synthetic,97.4691
2025-02-11,real,98.36166666666666
2025-02-11,synthetic,97.3101
2025-02-12,real,98.36166666666666
2025-02-12,synthetic,97.34
2025-02-13,real,98.36166666666666
2025-02-13,synthetic,97.28569999999999
2025-02-14,real,98.36166666666666
2025-02-14,synthetic,97.3054
2025-02-15,real,98.36166666666666
2025-02-15,synthetic,97.4165
2025-02-16,real,98.71700000000001
2025-02-16,synthetic,97.5457
2025-02-17,real,98.71700000000001
2025-02-17,synthetic,97.56309999999999
2025-02-18,real,98.71700000000001
2025-02-18,synthetic,97.4297
2025-02-19,real,98.71700000000001
2025-02-19,synthetic,97.4029
2025-02-20,real,98.71700000000001
2025-02-20,synthetic,97.3855
2025-02-21,real,98.71700000000001
2025-02-21,synthetic,97.4218
2025-02-22,real,98.71700000000001
2025-02-22,synthetic,97.5382
2025-02-23,real,98.74266666666668
2025-02-23,synthetic,97.796
2025-02-24,real,98.74266666666668
2025-02-24,synthetic,97.84360000000001
2025-02-25,real,98.74266666666668
2025-02-25,synthetic,97.6674
2025-02-26,real,98.74266666666668
2025-02-26,synthetic,97.56729999999999
2025-02-27,real,98.74266666666668
2025-02-27,synthetic,97.314
2025-02-28,real,98.74266666666668
2025-02-28,synthetic,97.1109
2025-03-01,real,98.74266666666668
2025-03-01,synthetic,97.1014
2025-03-02,real,98.77
2025-03-02,synthetic,97.2008
2025-03-03,real,98.77
2025-03-03,synthetic,97.1216
2025-03-04,real,98.77
2025-03-04,synthetic,97.0274
2025-03-05,real,98.77
2025-03-05,synthetic,96.8668
2025-03-06,real,98.77
2025-03-06,synthetic,96.68260000000001
2025-03-07,real,98.77
2025-03-07,synthetic,96.4164
2025-03-08,real,98.77
2025-03-08,synthetic,96.4915
2025-03-09,real,98.97033333333334
2025-03-09,synthetic,96.5985
2025-03-10,real,98.97033333333334
2025-03-10,synthetic,96.56790000000001
2025-03-11,real,98.97033333333334
2025-03-11,synthetic,96.6945
2025-03-12,real,98.97033333333334
2025-03-12,synthetic,96.6146
2025-03-13,real,98.97033333333334
2025-03-13,synthetic,96.4763
2025-03-14,real,98.97033333333334
2025-03-14,synthetic,96.28829999999999
2025-03-15,real,98.97033333333334
2025-03-15,synthetic,96.40979999999999
2025-03-16,real,98.95
2025-03-16,synthetic,96.38969999999999
2025-03-17,real,98.95
2025-03-17,synthetic,96.4263
2025-03-18,real,98.95
2025-03-18,synthetic,96.4111
2025-03-19,real,98.95
2025-03-19,synthetic,96.31370000000001
2025-03-20,real,98.95
2025-03-20,synthetic,96.34440000000001
2025-03-21,real,98.95
2025-03-21,synthetic,96.4074
2025-03-22,real,98.95
2025-03-22,synthetic,96.79440000000001
2025-03-23,real,98.81633333333333
2025-03-23,synthetic,96.9744
2025-03-24,real,98.81633333333333
2025-03-24,synthetic,96.9263
2025-03-25,real,98.81633333333333
2025-03-25,synthetic,96.7586
2025-03-26,real,98.81633333333333
2025-03-26,synthetic,96.6225
2025-03-27,real,98.81633333333333
2025-03-27,synthetic,96.5335
2025-03-28,real,98.81633333333333
2025-03-28,synthetic,96.4747
2025-03-29,real,98.81633333333333
2025-03-29,synthetic,96.6532
2025-03-30,real,98.443
2025-03-30,synthetic,96.8829
2025-03-31,real,98.443
2025-03-31,synthetic,97.0951
2025-04-01,real,98.443
2025-04-01,synthetic,97.09460000000001
2025-04-02,real,98.443
2025-04-02,synthetic,96.98559999999999
2025-04-03,real,98.443
2025-04-03,synthetic,96.8313
2025-04-04,real,98.443
2025-04-04,synthetic,96.7491
2025-04-05,real,98.443
2025-04-05,synthetic,96.94229999999999
2025-04-06,real,97.841
2025-04-06,synthetic,97.1047
2025-04-07,real,97.841
2025-04-07,synthetic,97.0449
2025-04-08,real,97.841
2025-04-08,synthetic,97.1594
2025-04-09,real,97.841
2025-04-09,synthetic,97.0574
2025-04-10,real,97.841
2025-04-10,synthetic,96.8042
2025-04-11,real,97.841
2025-04-11,synthetic,96.6274
2025-04-12,real,97.841
2025-04-12,synthetic,96.7584
2025-04-13,real,97.423
2025-04-13,synthetic,96.7899
2025-04-14,real,97.423
2025-04-14,synthetic,96.7975
2025-04-15,real,97.423
2025-04-15,synthetic,96.71600000000001
2025-04-16,real,97.423
2025-04-16,synthetic,96.6477
2025-04-17,real,97.423
2025-04-17,synthetic,96.5275
2025-04-18,real,97.423
2025-04-18,synthetic,96.5098
2025-04-19,real,97.423
2025-04-19,synthetic,96.75319999999999
2025-04-20,real,97.21866666666666
2025-04-20,synthetic,96.9599
2025-04-21,real,97.21866666666666
2025-04-21,synthetic,96.9659
2025-04-22,real,97.21866666666666
2025-04-22,synthetic,97.0102
2025-04-23,real,97.21866666666666
2025-04-23,synthetic,96.9639
2025-04-24,real,97.21866666666666
2025-04-24,synthetic,96.6952
2025-04-25,real,97.21866666666666
2025-04-25,synthetic,96.4207
2025-04-26,real,97.21866666666666
2025-04-26,synthetic,96.3635
2025-04-27,real,96.93833333333333
2025-04-27,synthetic,96.3901
2025-04-28,real,96.93833333333333
2025-04-28,synthetic,96.3953
2025-04-29,real,96.93833333333333
2025-04-29,synthetic,96.3517
2025-04-30,real,96.93833333333333
2025-04-30,synthetic,96.2312
2025-05-01,real,96.93833333333333
2025-05-01,synthetic,95.9912
2025-05-02,real,96.93833333333333
2025-05-02,synthetic,95.77590000000001
2025-05-03,real,96.93833333333333
2025-05-03,synthetic,95.9332
2025-05-04,real,96.55833333333334
2025-05-04,synthetic,95.89789999999999
2025-05-05,real,96.55833333333334
2025-05-05,synthetic,95.82610000000001
2025-05-06,real,96.55833333333334
2025-05-06,synthetic,95.7376
2025-05-07,real,96.55833333333334
2025-05-07,synthetic,95.43549999999999
2025-05-08,real,96.55833333333334
2025-05-08,synthetic,95.19239999999999
2025-05-09,real,96.55833333333334
2025-05-09,synthetic,95.1039
2025-05-10,real,96.55833333333334
2025-05-10,synthetic,95.48440000000001
2025-05-11,real,96.538
2025-05-11,synthetic,95.75659999999999
2025-05-12,real,96.538
2025-05-12,synthetic,95.85690000000001
2025-05-13,real,96.538
2025-05-13,synthetic,95.8509
2025-05-14,real,96.538
2025-05-14,synthetic,95.85979999999999
2025-05-15,real,96.538
2025-05-15,synthetic,95.76129999999999
2025-05-16,real,96.538
2025-05-16,synthetic,95.7323
2025-05-17,real,96.538
2025-05-17,synthetic,96.1882
2025-05-18,real,96.46266666666666
2025-05-18,synthetic,96.5196
2025-05-19,real,96.46266666666666
2025-05-19,synthetic,96.7475
2025-05-20,real,96.46266666666666
2025-05-20,synthetic,96.9
2025-05-21,real,96.46266666666666
2025-05-21,synthetic,97.0493
2025-05-22,real,96.46266666666666
2025-05-22,synthetic,96.9594
2025-05-23,real,96.46266666666666
2025-05-23,synthetic,96.8433
2025-05-24,real,96.46266666666666
2025-05-24,synthetic,96.9557
2025-05-25,real,96.18466666666667
2025-05-25,synthetic,96.9779
2025-05-26,real,96.18466666666667
2025-05-26,synthetic,96.9901
2025-05-27,real,96.18466666666667
2025-05-27,synthetic,97.0143
2025-05-28,real,96.18466666666667
2025-05-28,synthetic,97.0202
2025-05-29,real,96.18466666666667
2025-05-29,synthetic,96.8345
2025-05-30,real,96.18466666666667
2025-05-30,synthetic,96.6574
2025-05-31,real,96.18466666666667
2025-05-31,synthetic,96.81559999999999
2025-06-01,real,95.80033333333334
2025-06-01,synthetic,96.9208
2025-06-02,real,95.80033333333334
2025-06-02,synthetic,96.9105
2025-06-03,real,95.80033333333334
2025-06-03,synthetic,96.8038
2025-06-04,real,95.80033333333334
2025-06-04,synthetic,96.6773
2025-06-05,real,95.80033333333334
2025-06-05,synthetic,96.5381
2025-06-06,real,95.80033333333334
2025-06-06,synthetic,96.4939
2025-06-07,real,95.80033333333334
2025-06-07,synthetic,96.62190000000001
2025-06-08,real,95.63166666666666
2025-06-08,synthetic,96.7401
2025-06-09,real,95.63166666666666
2025-06-09,synthetic,96.95469999999999
2025-06-10,real,95.63166666666666
2025-06-10,synthetic,97.0652
2025-06-11,real,95.63166666666666
2025-06-11,synthetic,96.92559999999999
2025-06-12,real,95.63166666666666
2025-06-12,synthetic,96.6964
2025-06-13,real,95.63166666666666
2025-06-13,synthetic,96.5607
2025-06-14,real,95.63166666666666
2025-06-14,synthetic,96.71350000000001
2025-06-15,real,95.67733333333334
2025-06-15,synthetic,96.81309999999999
2025-06-16,real,95.67733333333334
2025-06-16,synthetic,96.7634
2025-06-17,real,95.67733333333334
2025-06-17,synthetic,96.7085
2025-06-18,real,95.67733333333334
2025-06-18,synthetic,96.5754
2025-06-19,real,95.67733333333334
2025-06-19,synthetic,96.5177
2025-06-20,real,95.67733333333334
2025-06-20,synthetic,96.37389999999999
2025-06-21,real,95.67733333333334
2025-06-21,synthetic,96.3046
2025-06-22,real,95.81733333333334
2025-06-22,synthetic,96.35510000000001
2025-06-23,real,95.81733333333334
2025-06-23,synthetic,96.2397
2025-06-24,real,95.81733333333334
2025-06-24,synthetic,96.1314
2025-06-25,real,95.81733333333334
2025-06-25,synthetic,96.0273
2025-06-26,real,95.81733333333334
2025-06-26,synthetic,95.8881
2025-06-27,real,95.81733333333334
2025-06-27,synthetic,95.8626
2025-06-28,real,95.81733333333334
2025-06-28,synthetic,96.1073
2025-06-29,real,95.85799999999999
2025-06-29,synthetic,96.1014
2025-06-30,real,95.85799999999999
2025-06-30,synthetic,96.211
2025-07-01,real,95.85799999999999
2025-07-01,synthetic,96.26610000000001
2025-07-02,real,95.85799999999999
2025-07-02,synthetic,96.14309999999999
2025-07-03,real,95.85799999999999
2025-07-03,synthetic,95.91290000000001
2025-07-04,real,95.85799999999999
2025-07-04,synthetic,95.7066
2025-07-05,real,95.85799999999999
2025-07-05,synthetic,95.8583
2025-07-06,real,95.731
2025-07-06,synthetic,96.01870000000001
2025-07-07,real,95.731
2025-07-07,synthetic,96.2007
2025-07-08,real,95.731
2025-07-08,synthetic,96.0923
2025-07-09,real,95.731
2025-07-09,synthetic,95.99459999999999
2025-07-10,real,95.731
2025-07-10,synthetic,95.72370000000001
2025-07-11,real,95.731
2025-07-11,synthetic,95.48360000000001
2025-07-12,real,95.731
2025-07-12,synthetic,95.564
2025-07-13,real,95.63233333333332
2025-07-13,synthetic,95.7282
2025-07-14,real,95.63233333333332
2025-07-14,synthetic,95.8466
2025-07-15,real,95.63233333333332
2025-07-15,synthetic,95.7767
2025-07-16,real,95.63233333333332
2025-07-16,synthetic,95.6197
2025-07-17,real,95.63233333333332
2025-07-17,synthetic,95.3692
2025-07-18,real,95.63233333333332
2025-07-18,synthetic,95.2292
2025-07-19,real,95.63233333333332
2025-07-19,synthetic,95.3536
2025-07-20,real,95.75933333333334
2025-07-20,synthetic,95.59
2025-07-21,real,95.75933333333334
2025-07-21,synthetic,95.60799999999999
2025-07-22,real,95.75933333333334
2025-07-22,synthetic,95.57629999999999
2025-07-23,real,95.75933333333334
2025-07-23,synthetic,95.4891
2025-07-24,real,95.75933333333334
2025-07-24,synthetic,95.3225
2025-07-25,real,95.75933333333334
2025-07-25,synthetic,95.1207
2025-07-26,real,95.75933333333334
2025-07-26,synthetic,95.1984
2025-07-27,real,95.91499999999999
2025-07-27,synthetic,95.2323
2025-07-28,real,95.91499999999999
2025-07-28,synthetic,95.20120000000001
2025-07-29,real,95.91499999999999
2025-07-29,synthetic,95.3724
2025-07-30,real,95.91499999999999
2025-07-30,synthetic,95.3458
2025-07-31,real,95.91499999999999
2025-07-31,synthetic,95.15969999999999
2025-08-01,real,95.91499999999999
2025-08-01,synthetic,95.19959999999999
2025-08-02,real,95.91499999999999
2025-08-02,synthetic,95.5528
2025-08-03,real,96.13466666666666
2025-08-03,synthetic,95.90790000000001
2025-08-04,real,96.13466666666666
2025-08-04,synthetic,96.15440000000001
2025-08-05,real,96.13466666666666
2025-08-05,synthetic,96.1382
2025-08-06,real,96.13466666666666
2025-08-06,synthetic,96.07870000000001
2025-08-07,real,96.13466666666666
2025-08-07,synthetic,95.8504
2025-08-08,real,96.13466666666666
2025-08-08,synthetic,95.74950000000001
2025-08-09,real,96.13466666666666
2025-08-09,synthetic,95.9457
2025-08-10,real,96.17933333333333
2025-08-10,synthetic,96.0705
2025-08-11,real,96.17933333333333
2025-08-11,synthetic,96.016
2025-08-12,real,96.17933333333333
2025-08-12,synthetic,95.8163
2025-08-13,real,96.17933333333333
2025-08-13,synthetic,95.5782
2025-08-14,real,96.17933333333333
2025-08-14,synthetic,95.3011
2025-08-15,real,96.17933333333333
2025-08-15,synthetic,95.1136
2025-08-16,real,96.17933333333333
2025-08-16,synthetic,95.2481
2025-08-17,real,95.93933333333332
2025-08-17,synthetic,95.5523
2025-08-18,real,95.93933333333332
2025-08-18,synthetic,95.67530000000001
2025-08-19,real,95.93933333333332
2025-08-19,synthetic,95.729
2025-08-20,real,95.93933333333332
2025-08-20,synthetic,95.79299999999999
2025-08-21,real,95.93933333333332
2025-08-21,synthetic,95.54729999999999
2025-08-22,real,95.93933333333332
2025-08-22,synthetic,95.3307
2025-08-23,real,95.93933333333332
2025-08-23,synthetic,95.3541
2025-08-24,real,95.63466666666666
2025-08-24,synthetic,95.5521
2025-08-25,real,95.63466666666666
2025-08-25,synthetic,95.54459999999999
2025-08-26,real,95.63466666666666
2025-08-26,synthetic,95.44229999999999
2025-08-27,real,95.63466666666666
2025-08-27,synthetic,95.28299999999999
2025-08-28,real,95.63466666666666
2025-08-28,synthetic,95.0909
2025-08-29,real,95.63466666666666
2025-08-29,synthetic,94.96809999999999
2025-08-30,real,95.63466666666666
2025-08-30,synthetic,95.0684
2025-08-31,real,95.20133333333334
2025-08-31,synthetic,95.2456
2025-09-01,real,95.20133333333334
2025-09-01,synthetic,95.2299
2025-09-02,real,95.20133333333334
2025-09-02,synthetic,95.09299999999999
2025-09-03,real,95.20133333333334
2025-09-03,synthetic,95.0002
2025-09-04,real,95.20133333333334
2025-09-04,synthetic,94.67040000000001
2025-09-05,real,95.20133333333334
2025-09-05,synthetic,94.4744
2025-09-06,real,95.20133333333334
2025-09-06,synthetic,94.7519
2025-09-07,real,94.62633333333333
2025-09-07,synthetic,94.9457
2025-09-08,real,94.62633333333333
2025-09-08,synthetic,94.9728
2025-09-09,real,94.62633333333333
2025-09-09,synthetic,95.012
2025-09-10,real,94.62633333333333
2025-09-10,synthetic,94.98870000000001
2025-09-11,real,94.62633333333333
2025-09-11,synthetic,94.854
2025-09-12,real,94.62633333333333
2025-09-12,synthetic,94.85979999999999
2025-09-13,real,94.62633333333333
2025-09-13,synthetic,95.0839
2025-09-14,real,94.18033333333332
2025-09-14,synthetic,95.36309999999999
2025-09-15,real,94.18033333333332
2025-09-15,synthetic,95.5756
2025-09-16,real,94.18033333333332
2025-09-16,synthetic,95.54870000000001
2025-09-17,real,94.18033333333332
2025-09-17,synthetic,95.4949
2025-09-18,real,94.18033333333332
2025-09-18,synthetic,95.46709999999999
2025-09-19,real,94.18033333333332
2025-09-19,synthetic,95.4691
2025-09-20,real,94.18033333333332
2025-09-20,synthetic,95.72290000000001
2025-09-21,real,94.05766666666666
2025-09-21,synthetic,95.9135
2025-09-22,real,94.05766666666666
2025-09-22,synthetic,95.9172
2025-09-23,real,94.05766666666666
2025-09-23,synthetic,95.765
2025-09-24,real,94.05766666666666
2025-09-24,synthetic,95.6384
2025-09-25,real,94.05766666666666
2025-09-25,synthetic,95.53479999999999
2025-09-26,real,94.05766666666666
2025-09-26,synthetic,95.31389999999999
2025-09-27,real,94.05766666666666
2025-09-27,synthetic,95.5218
2025-09-28,real,94.30733333333333
2025-09-28,synthetic,95.81700000000001
2025-09-29,real,94.30733333333333
2025-09-29,synthetic,95.87049999999999
2025-09-30,real,94.30733333333333
2025-09-30,synthetic,95.8592
2025-10-01,real,94.30733333333333
2025-10-01,synthetic,95.67379999999999
2025-10-02,real,94.30733333333333
2025-10-02,synthetic,95.52680000000001
2025-10-03,real,94.30733333333333
2025-10-03,synthetic,95.3342
2025-10-04,real,94.30733333333333
2025-10-04,synthetic,95.4992
2025-10-05,real,94.62266666666667
2025-10-05,synthetic,95.5062
2025-10-06,real,94.62266666666667
2025-10-06,synthetic,95.49510000000001
2025-10-07,real,94.62266666666667
2025-10-07,synthetic,95.3585
2025-10-08,real,94.62266666666667
2025-10-08,synthetic,95.2218
2025-10-09,real,94.62266666666667
2025-10-09,synthetic,95.1812
2025-10-10,real,94.62266666666667
2025-10-10,synthetic,95.05680000000001
2025-10-11,real,94.62266666666667
2025-10-11,synthetic,95.06020000000001
2025-10-12,real,94.66833333333334
2025-10-12,synthetic,95.0292
2025-10-13,real,94.66833333333334
2025-10-13,synthetic,94.9764
2025-10-14,real,94.66833333333334
2025-10-14,synthetic,94.929
2025-10-15,real,94.66833333333334
2025-10-15,synthetic,94.74459999999999
2025-10-16,real,94.66833333333334
2025-10-16,synthetic,94.59629999999999
2025-10-17,real,94.66833333333334
2025-10-17,synthetic,94.4295
2025-10-18,real,94.66833333333334
2025-10-18,synthetic,94.4466
2025-10-19,real,94.60966666666667
2025-10-19,synthetic,94.35790000000001
2025-10-20,real,94.60966666666667
2025-10-20,synthetic,94.4668
2025-10-21,real,94.60966666666667
2025-10-21,synthetic,94.36229999999999
2025-10-22,real,94.60966666666667
2025-10-22,synthetic,94.4255
2025-10-23,real,94.60966666666667
2025-10-23,synthetic,94.3049
2025-10-24,real,94.60966666666667
2025-10-24,synthetic,94.24700000000001
2025-10-25,real,94.60966666666667
2025-10-25,synthetic,94.4108
2025-10-26,real,94.19466666666668
2025-10-26,synthetic,94.618
2025-10-27,real,94.19466666666668
2025-10-27,synthetic,94.7142
2025-10-28,real,94.19466666666668
2025-10-28,synthetic,94.70540000000001
2025-10-29,real,94.19466666666668
2025-10-29,synthetic,94.6349
2025-10-30,real,94.19466666666668
2025-10-30,synthetic,94.3694
2025-10-31,real,94.19466666666668
2025-10-31,synthetic,94.0308
2025-11-01,real,94.19466666666668
2025-11-01,synthetic,94.1799
2025-11-02,real,93.64366666666666
2025-11-02,synthetic,94.2993
2025-11-03,real,93.64366666666666
2025-11-03,synthetic,94.2747
2025-11-04,real,93.64366666666666
2025-11-04,synthetic,94.1784
2025-11-05,real,93.64366666666666
2025-11-05,synthetic,94.18719999999999
2025-11-06,real,93.64366666666666
2025-11-06,synthetic,94.0958
2025-11-07,real,93.64366666666666
2025-11-07,synthetic,93.95
2025-11-08,real,93.64366666666666
2025-11-08,synthetic,94.00450000000001
2025-11-09,real,93.47033333333334
2025-11-09,synthetic,93.993
2025-11-10,real,93.47033333333334
2025-11-10,synthetic,93.87440000000001
2025-11-11,real,93.47033333333334
2025-11-11,synthetic,93.8418
2025-11-12,real,93.47033333333334
2025-11-12,synthetic,93.77590000000001
2025-11-13,real,93.47033333333334
2025-11-13,synthetic,93.64139999999999
2025-11-14,real,93.47033333333334
2025-11-14,synthetic,93.4242
2025-11-15,real,93.47033333333334
2025-11-15,synthetic,93.4676
2025-11-16,real,93.53666666666666
2025-11-16,synthetic,93.5159
2025-11-17,real,93.53666666666666
2025-11-17,synthetic,93.47030000000001
2025-11-18,real,93.53666666666666
2025-11-18,synthetic,93.35
2025-11-19,real,93.53666666666666
2025-11-19,synthetic,93.3152
2025-11-20,real,93.53666666666666
2025-11-20,synthetic,93.25290000000001
2025-11-21,real,93.53666666666666
2025-11-21,synthetic,93.3302
2025-11-22,real,93.53666666666666
2025-11-22,synthetic,93.59530000000001
2025-11-23,real,94.10333333333332
2025-11-23,synthetic,93.69049999999999
2025-11-24,real,94.10333333333332
2025-11-24,synthetic,93.7156
2025-11-25,real,94.10333333333332
2025-11-25,synthetic,93.6147
2025-11-26,real,94.10333333333332
2025-11-26,synthetic,93.4438
2025-11-27,real,94.10333333333332
2025-11-27,synthetic,93.2625
2025-11-28,real,94.10333333333332
2025-11-28,synthetic,93.071
2025-11-29,real,94.10333333333332
2025-11-29,synthetic,93.3743
2025-11-30,real,94.45633333333333
2025-11-30,synthetic,93.6601
2025-12-01,real,94.45633333333333
2025-12-01,synthetic,93.7631
2025-12-02,real,94.45633333333333
2025-12-02,synthetic,93.63719999999999
2025-12-03,real,94.45633333333333
2025-12-03,synthetic,93.6006
2025-12-04,real,94.45633333333333
2025-12-04,synthetic,93.53280000000001
2025-12-05,real,94.45633333333333
2025-12-05,synthetic,93.4627
2025-12-06,real,94.45633333333333
2025-12-06,synthetic,93.57620000000001
2025-12-07,real,94.49066666666666
2025-12-07,synthetic,93.6927
2025-12-08,real,94.49066666666666
2025-12-08,synthetic,93.70639999999999
2025-12-09,real,94.49066666666666
2025-12-09,synthetic,93.59190000000001
2025-12-10,real,94.49066666666666
2025-12-10,synthetic,93.55
2025-12-11,real,94.49066666666666
2025-12-11,synthetic,93.4791
2025-12-12,real,94.49066666666666
2025-12-12,synthetic,93.2881
2025-12-13,real,94.49066666666666
2025-12-13,synthetic,93.53450000000001
2025-12-14,real,94.41966666666667
2025-12-14,synthetic,93.68360000000001
2025-12-15,real,94.41966666666667
2025-12-15,synthetic,93.8683
2025-12-16,real,94.41966666666667
2025-12-16,synthetic,93.8927
2025-12-17,real,94.41966666666667
2025-12-17,synthetic,93.8991
2025-12-18,real,94.41966666666667
2025-12-18,synthetic,93.73989999999999
2025-12-19,real,94.41966666666667
2025-12-19,synthetic,93.51979999999999
2025-12-20,real,94.41966666666667
2025-12-20,synthetic,93.67389999999999
2025-12-21,real,94.28433333333334
2025-12-21,synthetic,93.6127
2025-12-22,real,94.28433333333334
2025-12-22,synthetic,93.5705
2025-12-23,real,94.28433333333334
2025-12-23,synthetic,93.43780000000001
2025-12-24,real,94.28433333333334
2025-12-24,synthetic,93.329
2025-12-25,real,94.28433333333334
2025-12-25,synthetic,93.1361
2025-12-26,real,94.28433333333334
2025-12-26,synthetic,93.20200000000001
2025-12-27,real,94.28433333333334
2025-12-27,synthetic,93.53620000000001
2025-12-28,real,94.28133333333334
2025-12-28,synthetic,93.76520000000001
2025-12-29,real,94.28133333333334
2025-12-29,synthetic,93.8855
2025-12-30,real,94.28133333333334
2025-12-30,synthetic,93.82459999999999
2025-12-31,real,94.28133333333334
2025-12-31,synthetic,93.6787
2026-01-01,real,94.28133333333334
2026-01-01,synthetic,93.62819999999999
2026-01-02,real,94.28133333333334
2026-01-02,synthetic,93.65950000000001
2026-01-03,real,94.28133333333334
2026-01-03,synthetic,93.7562
2026-01-04,real,94.458
2026-01-04,synthetic,93.8672
2026-01-05,real,94.458
2026-01-05,synthetic,94.01190000000001
2026-01-06,real,94.458
2026-01-06,synthetic,94.04090000000001
2026-01-07,real,94.458
2026-01-07,synthetic,94.05069999999999
2026-01-08,real,94.458
2026-01-08,synthetic,93.9575
2026-01-09,real,94.458
2026-01-09,synthetic,93.81569999999999
2026-01-10,real,94.458
2026-01-10,synthetic,93.8347
2026-01-11,real,94.313
2026-01-11,synthetic,94.0838
2026-01-12,real,94.313
2026-01-12,synthetic,94.1591
2026-01-13,real,94.313
2026-01-13,synthetic,94.1807
2026-01-14,real,94.313
2026-01-14,synthetic,94.281
2026-01-15,real,94.313
2026-01-15,synthetic,94.2125
2026-01-16,real,94.313
2026-01-16,synthetic,94.0298
2026-01-17,real,94.313
2026-01-17,synthetic,94.17450000000001
2026-01-18,real,94.402
2026-01-18,synthetic,94.2642
2026-01-19,real,94.402
2026-01-19,synthetic,94.2307
2026-01-20,real,94.402
2026-01-20,synthetic,94.1367
2026-01-21,real,94.402
2026-01-21,synthetic,94.1032
2026-01-22,real,94.402
2026-01-22,synthetic,94.0061
2026-01-23,real,94.402
2026-01-23,synthetic,93.99790000000002
2026-01-24,real,94.402
2026-01-24,synthetic,94.3644
2026-01-25,real,94.721
2026-01-25,synthetic,94.8183
2026-01-26,real,94.721
2026-01-26,synthetic,94.84989999999999
2026-01-27,real,94.721
2026-01-27,synthetic,94.727
2026-01-28,real,94.721
2026-01-28,synthetic,94.6168
2026-01-29,real,94.721
2026-01-29,synthetic,94.3678
2026-01-30,real,94.721
2026-01-30,synthetic,94.2098
2026-01-31,real,94.721
2026-01-31,synthetic,94.3458
2026-02-01,real,94.64766666666667
2026-02-01,synthetic,94.54610000000001
2026-02-02,real,94.64766666666667
2026-02-02,synthetic,94.6073
2026-02-03,real,94.64766666666667
2026-02-03,synthetic,94.5817
2026-02-04,real,94.64766666666667
2026-02-04,synthetic,94.4425
2026-02-05,real,94.64766666666667
2026-02-05,synthetic,94.1631
2026-02-06,real,94.64766666666667
2026-02-06,synthetic,93.8703
2026-02-07,real,94.64766666666667
2026-02-07,synthetic,93.8311
2026-02-08,real,94.20933333333333
2026-02-08,synthetic,93.99340000000001
2026-02-09,real,94.20933333333333
2026-02-09,synthetic,93.85549999999999
2026-02-10,real,94.20933333333333
2026-02-10,synthetic,93.7423
2026-02-11,real,94.20933333333333
2026-02-11,synthetic,93.80930000000001
2026-02-12,real,94.20933333333333
2026-02-12,synthetic,93.68299999999999
2026-02-13,real,94.20933333333333
2026-02-13,synthetic,93.6173
2026-02-14,real,94.20933333333333
2026-02-14,synthetic,93.8986
2026-02-15,real,93.95433333333334
2026-02-15,synthetic,94.3369
2026-02-16,real,93.95433333333334
2026-02-16,synthetic,94.505
2026-02-17,real,93.95433333333334
2026-02-17,synthetic,94.4791
2026-02-18,real,93.95433333333334
2026-02-18,synthetic,94.368
2026-02-19,real,93.95433333333334
2026-02-19,synthetic,94.0616
2026-02-20,real,93.95433333333334
2026-02-20,synthetic,93.98620000000001
2026-02-21,real,93.95433333333334
2026-02-21,synthetic,94.2139
2026-02-22,real,94.07533333333335
2026-02-22,synthetic,94.4206
2026-02-23,real,94.07533333333335
2026-02-23,synthetic,94.4939
2026-02-24,real,94.07533333333335
2026-02-24,synthetic,94.4014
2026-02-25,real,94.07533333333335
2026-02-25,synthetic,94.0915
2026-02-26,real,94.07533333333335
2026-02-26,synthetic,93.7633
2026-02-27,real,94.07533333333335
2026-02-27,synthetic,93.62010000000001
2026-02-28,real,94.07533333333335
2026-02-28,synthetic,93.70549999999999
2026-03-01,real,94.38866666666667
2026-03-01,synthetic,93.7199
2026-03-02,real,94.38866666666667
2026-03-02,synthetic,93.64620000000001
2026-03-03,real,94.38866666666667
2026-03-03,synthetic,93.58840000000001
2026-03-04,real,94.38866666666667
2026-03-04,synthetic,93.4332
2026-03-05,real,94.38866666666667
2026-03-05,synthetic,93.37209999999999
2026-03-06,real,94.38866666666667
2026-03-06,synthetic,93.2919
2026-03-07,real,94.38866666666667
2026-03-07,synthetic,93.53379999999999
2026-03-08,real,94.50733333333332
2026-03-08,synthetic,93.82870000000001
2026-03-09,real,94.50733333333332
2026-03-09,synthetic,94.03049999999999
2026-03-10,real,94.50733333333332
2026-03-10,synthetic,94.2464
2026-03-11,real,94.50733333333332
2026-03-11,synthetic,94.3186
2026-03-12,real,94.50733333333332
2026-03-12,synthetic,94.32889999999999
2026-03-13,real,94.50733333333332
2026-03-13,synthetic,94.3087
2026-03-14,real,94.50733333333332
2026-03-14,synthetic,94.375
2026-03-15,real,94.248
2026-03-15,synthetic,94.4682
2026-03-16,real,94.248
2026-03-16,synthetic,94.6275
2026-03-17,real,94.248
2026-03-17,synthetic,94.5112
2026-03-18,real,94.248
2026-03-18,synthetic,94.43090000000001
2026-03-19,real,94.248
2026-03-19,synthetic,94.1958
2026-03-20,real,94.248
2026-03-20,synthetic,94.1381
2026-03-21,real,94.248
2026-03-21,synthetic,94.2684
2026-03-22,real,93.98966666666666
2026-03-22,synthetic,94.49790000000002
2026-03-23,real,93.98966666666666
2026-03-23,synthetic,94.53
2026-03-24,real,93.98966666666666
2026-03-24,synthetic,94.4264
2026-03-25,real,93.98966666666666
2026-03-25,synthetic,94.25959999999999
2026-03-26,real,93.98966666666666
2026-03-26,synthetic,94.0582
2026-03-27,real,93.98966666666666
2026-03-27,synthetic,93.90520000000001
2026-03-28,real,93.98966666666666
2026-03-28,synthetic,94.1142
2026-03-29,real,94.09833333333333
2026-03-29,synthetic,94.361
2026-03-30,real,94.09833333333333
2026-03-30,synthetic,94.3995
2026-03-31,real,94.09833333333333
2026-03-31,synthetic,94.43430000000001
2026-04-01,real,94.09833333333333
2026-04-01,synthetic,94.3706
2026-04-02,real,94.09833333333333
2026-04-02,synthetic,94.11210000000001
2026-04-03,real,94.09833333333333
2026-04-03,synthetic,93.874
2026-04-04,real,94.09833333333333
2026-04-04,synthetic,93.91590000000001
2026-04-05,real,93.91699999999999
2026-04-05,synthetic,94.07709999999999
2026-04-06,real,93.91699999999999
2026-04-06,synthetic,94.23819999999999
2026-04-07,real,93.91699999999999
2026-04-07,synthetic,94.165
2026-04-08,real,93.91699999999999
2026-04-08,synthetic,94.1001
2026-04-09,real,93.91699999999999
2026-04-09,synthetic,93.8757
2026-04-10,real,93.91699999999999
2026-04-10,synthetic,93.6891
2026-04-11,real,93.91699999999999
2026-04-11,synthetic,93.81360000000001
2026-04-12,real,93.28866666666666
2026-04-12,synthetic,93.85600000000001
2026-04-13,real,93.28866666666666
2026-04-13,synthetic,93.86540000000001
2026-04-14,real,93.28866666666666
2026-04-14,synthetic,93.7331
2026-04-15,real,93.28866666666666
2026-04-15,synthetic,93.6693
2026-04-16,real,93.28866666666666
2026-04-16,synthetic,93.4032
2026-04-17,real,93.28866666666666
2026-04-17,synthetic,93.2415
2026-04-18,real,93.28866666666666
2026-04-18,synthetic,93.4431
2026-04-19,real,92.76533333333333
2026-04-19,synthetic,93.6499
2026-04-20,real,92.76533333333333
2026-04-20,synthetic,93.6329
2026-04-21,real,92.76533333333333
2026-04-21,synthetic,93.43959999999998
2026-04-22,real,92.76533333333333
2026-04-22,synthetic,93.30590000000001
2026-04-23,real,92.76533333333333
2026-04-23,synthetic,93.0924
2026-04-24,real,92.76533333333333
2026-04-24,synthetic,92.89219999999999
2026-04-25,real,92.76533333333333
2026-04-25,synthetic,92.9851
2026-04-26,real,92.60833333333333
2026-04-26,synthetic,93.1603
2026-04-27,real,92.60833333333333
2026-04-27,synthetic,93.1145
2026-04-28,real,92.60833333333333
2026-04-28,synthetic,92.8331
2026-04-29,real,92.60833333333333
2026-04-29,synthetic,92.7867
2026-04-30,real,92.60833333333333
2026-04-30,synthetic,92.566
2026-05-01,real,92.60833333333333
2026-05-01,synthetic,92.4699
2026-05-02,real,92.60833333333333
2026-05-02,synthetic,92.6007
2026-05-03,real,93.00066666666666
2026-05-03,synthetic,92.7218
2026-05-04,real,93.00066666666666
2026-05-04,synthetic,92.6934
2026-05-05,real,93.00066666666666
2026-05-05,synthetic,92.67020000000001
2026-05-06,real,93.00066666666666
2026-05-06,synthetic,92.5151
2026-05-07,real,93.00066666666666
2026-05-07,synthetic,92.321
2026-05-08,real,93.00066666666666
2026-05-08,synthetic,92.291
2026-05-09,real,93.00066666666666
2026-05-09,synthetic,92.3944
2026-05-10,real,93.71266666666666
2026-05-10,synthetic,92.3786
2026-05-11,real,93.71266666666666
2026-05-11,synthetic,92.3685
2026-05-12,real,93.71266666666666
2026-05-12,synthetic,92.3075
2026-05-13,real,93.71266666666666
2026-05-13,synthetic,92.2688
2026-05-14,real,93.71266666666666
2026-05-14,synthetic,92.2202
2026-05-15,real,93.71266666666666
2026-05-15,synthetic,92.1927
2026-05-16,real,93.71266666666666
2026-05-16,synthetic,92.352
2026-05-17,real,94.157
2026-05-17,synthetic,92.4605
2026-05-18,real,94.157
2026-05-18,synthetic,92.4436
2026-05-19,real,94.157
2026-05-19,synthetic,92.3382
2026-05-20,real,94.157
2026-05-20,synthetic,92.2234
2026-05-21,real,94.157
2026-05-21,synthetic,92.15440000000001
2026-05-22,real,94.157
2026-05-22,synthetic,92.038
2026-05-23,real,94.157
2026-05-23,synthetic,92.13459999999999
2026-05-24,real,94.52133333333333
2026-05-24,synthetic,92.0678
2026-05-25,real,94.52133333333333
2026-05-25,synthetic,91.9755
2026-05-26,real,94.52133333333333
2026-05-26,synthetic,91.85979999999999
2026-05-27,real,94.52133333333333
2026-05-27,synthetic,91.84
2026-05-28,real,94.52133333333333
2026-05-28,synthetic,91.65780000000001
2026-05-29,real,94.52133333333333
2026-05-29,synthetic,91.6057
2026-05-30,real,94.52133333333333
2026-05-30,synthetic,91.79299999999999
2026-05-31,real,94.56066666666668
2026-05-31,synthetic,92.0978
2026-06-01,real,94.56066666666668
2026-06-01,synthetic,92.3398
2026-06-02,real,94.56066666666668
2026-06-02,synthetic,92.3774
2026-06-03,real,94.56066666666668
2026-06-03,synthetic,92.23360000000001
2026-06-04,real,94.56066666666668
2026-06-04,synthetic,92.01989999999999
2026-06-05,real,94.56066666666668
2026-06-05,synthetic,91.851
2026-06-06,real,94.56066666666668
2026-06-06,synthetic,91.9108
2026-06-07,real,94.132
2026-06-07,synthetic,92.0575
2026-06-08,real,94.132
2026-06-08,synthetic,92.19789999999999
2026-06-09,real,94.132
2026-06-09,synthetic,92.3582
2026-06-10,real,94.132
2026-06-10,synthetic,92.4624
2026-06-11,real,94.132
2026-06-11,synthetic,92.2799
