canonical_id,total_return_pct,ann_vol,mean_return_pct,title,theme,decade,popularity,has_real_data
66-666-years-advent-of-the-dark-mage,-37.655,0.47,-23.657,"66,666 Years: Advent of the Dark Mage",Gods,2020s,24182,True
a-returner-s-magic-should-be-special,-31.159,0.46,-18.694,A Returner's Magic Should Be Special,Magic,2010s,48031,True
absolute-regression,54.16,0.477,21.671,Absolute Regression,Martial Arts,2020s,14976,False
after-ten-millennia-in-hell,-5.429,0.448,-2.795,After Ten Millennia in Hell,Dungeon,2020s,30098,False
bastard,33.538,0.448,14.481,Bastard,Crime,2010s,74998,True
beware-the-villainess,-66.448,0.459,-54.679,Beware the Villainess!,Villainess,2020s,25640,False
blink-master-of-the-magic-academy,-79.191,0.434,-78.598,Blink Master of the Magic Academy,Isekai,2020s,18588,False
demon-devourer,-79.104,0.449,-78.387,Demon Devourer,Demons,2020s,16951,False
descended-from-divinity,-21.147,0.472,-11.895,Descended from Divinity,Reincarnation,2020s,18977,False
doom-breaker,4.325,0.439,2.12,Doom Breaker,Dungeon,2020s,38720,False
dungeon-odyssey,-36.427,0.474,-22.68,Dungeon Odyssey,Dungeon,2020s,18390,False
dungeon-reset,-24.18,0.461,-13.859,Dungeon Reset,Dungeon,2020s,22215,False
eleceed,52.985,0.449,21.288,Eleceed,Urban Fantasy,2010s,43528,True
fff-class-trashero,-51.816,0.451,-36.558,FFF-Class Trashero,Isekai,2010s,23628,False
girls-of-the-wild-s,-34.524,0.464,-21.203,Girls of the Wild's,Love Triangle,2010s,22297,False
heavenly-demon-reborn,-4.13,0.47,-2.112,Heavenly Demon Reborn!,Martial Arts,2010s,17743,False
how-to-use-a-returner,21.645,0.452,9.81,How to Use a Returner,Dungeon,2020s,22835,False
i-am-the-sorcerer-king,128.789,0.448,41.438,I Am the Sorcerer King,Magic,2010s,18975,False
i-killed-the-main-player,17.401,0.476,8.032,I Killed the Main Player,Magic,2020s,19937,False
i-m-the-max-level-newbie,-34.739,0.447,-21.368,I’m the Max-Level Newbie,Dungeon,2020s,47480,True
i-shall-master-this-family,-35.536,0.478,-21.983,I Shall Master this Family!,Royal Affairs,2020s,23305,False
jungle-juice,-8.327,0.453,-4.353,Jungle Juice,Body Horror,2020s,21236,False
kill-the-hero,27.776,0.46,12.272,Kill the Hero,Revenge,2020s,22124,False
latna-saga-survival-of-a-sword-king,66.592,0.465,25.554,Latna Saga: Survival of a Sword King,Swordplay,2010s,33986,False
level-up-with-the-gods,12.807,0.46,6.034,Level Up with the Gods,Gods,2020s,27486,False
leviathan,-64.338,0.445,-51.625,Leviathan,Post-Apocalyptic,2010s,19872,False
log-in-murim,-17.059,0.464,-9.365,Log-in Murim,Martial Arts,2020s,22422,False
lookism,114.377,0.49,38.181,Lookism,Body Swapping,2010s,43613,True
lout-of-count-s-family,-9.099,0.466,-4.776,Lout of Count’s Family,Isekai,2020s,42380,True
maybe-meant-to-be,-18.635,0.43,-10.325,Maybe Meant to Be,Marriage,2020s,26198,False
my-blasted-reincarnated-life,42.08,0.453,17.585,My Blasted Reincarnated Life,Reincarnation,2020s,33360,False
my-s-class-hunters,-43.009,0.451,-28.152,My S-Class Hunters,Found Family,2020s,19719,False
mythic-item-obtained,-30.292,0.469,-18.067,Mythic Item Obtained,Gods,2020s,24358,False
nano-machine,17.323,0.465,7.999,Nano Machine,Martial Arts,2020s,44904,True
noblesse,-51.081,0.449,-35.799,Noblesse,Super Power,2000s,34083,False
omniscient-reader,-8.668,0.464,-4.54,Omniscient Reader,Survival,2020s,125804,True
overgeared,5.824,0.459,2.834,Overgeared,Video Games,2020s,36388,True
pick-me-up,147.71,0.463,45.417,Pick Me Up,Survival,2020s,40194,True
reality-quest,-70.895,0.484,-61.798,Reality Quest,Bullying,2020s,16403,False
return-of-the-blossoming-blade,-55.574,0.477,-40.623,Return of the Blossoming Blade,Swordplay,2020s,40848,True
return-of-the-mad-demon,98.596,0.459,34.352,Return of the Mad Demon,Martial Arts,2020s,25265,False
return-to-player,-25.868,0.454,-14.987,Return to Player,Gods,2020s,19198,False
revenge-of-the-baskerville-bloodhound,-42.465,0.475,-27.677,Revenge of the Baskerville Bloodhound,Age Regression,2020s,41179,True
roxana,-37.059,0.469,-23.18,Roxana,Villainess,2020s,19780,False
second-life-ranker,-26.188,0.485,-15.203,Second Life Ranker,Alternate Universe,2010s,43108,True
shotgun-boy,-40.286,0.443,-25.815,Shotgun Boy,Demons,2020s,21056,False
singwahamkke-doraon-gisawangnim,-44.928,0.459,-29.867,Singwahamkke Doraon Gisawangnim,Gods,2020s,17237,False
solo-leveling,81.671,0.448,29.892,Solo Leveling,Dungeon,2010s,276778,True
solo-leveling-ragnarok,-24.748,0.476,-14.236,Solo Leveling: Ragnarok,Super Power,2020s,30756,False
sss-class-revival-hunter,58.248,0.442,22.981,SSS-Class Revival Hunter,Time Manipulation,2020s,63373,True
surviving-the-game-as-a-barbarian,-55.128,0.439,-40.123,Surviving the Game as a Barbarian,Dungeon,2020s,18201,False
sweet-home,-61.613,0.478,-47.939,Sweet Home,Post-Apocalyptic,2010s,54020,True
teenage-mercenary,-6.935,0.45,-3.598,Teenage Mercenary,Kuudere,2020s,54340,True
the-100th-regression-of-the-max-level-player,-35.141,0.458,-21.678,The 100th Regression of the Max-Level Player,Reincarnation,2020s,20376,False
the-academy-s-genius-swordsman,24.207,0.479,10.854,The Academy's Genius Swordsman,Swordplay,2020s,26697,False
the-academy-s-sashimi-sword-master,20.546,0.491,9.356,The Academy’s Sashimi Sword Master,Female Harem,2020s,12152,False
the-academy-s-undercover-professor,-22.796,0.459,-12.954,The Academy's Undercover Professor,School,2020s,21483,False
the-advanced-player-of-the-tutorial-tower,-47.604,0.466,-32.361,The Advanced Player of the Tutorial Tower,Urban Fantasy,2020s,24470,False
the-archmage-returns-after-4000-years,-65.236,0.475,-52.901,The Archmage Returns After 4000 Years,Magic,2020s,36798,False
the-art-of-reincarnation,-10.669,0.461,-5.649,The Art of Reincarnation,Reincarnation,2020s,19060,False
the-boxer,-0.359,0.48,-0.18,The Boxer,Boxing,2010s,42067,True
the-breaker,73.791,0.46,27.672,THE BREAKER,Martial Arts,2000s,38866,False
the-breaker-new-waves,32.394,0.489,14.05,THE BREAKER - NEW WAVES,Martial Arts,2010s,22259,False
the-extra-s-academy-survival-guide,-54.344,0.477,-39.256,The Extra’s Academy Survival Guide,Magic,2020s,26849,False
the-frozen-player-returns,-9.633,0.473,-5.072,The Frozen Player Returns,Dungeon,2020s,25239,False
the-gamer,-23.616,0.447,-13.488,The Gamer,Video Games,2010s,21561,False
the-god-of-high-school,-50.672,0.455,-35.382,The God of High School,Martial Arts,2010s,53333,True
the-greatest-estate-developer,-36.936,0.461,-23.083,The Greatest Estate Developer,Surreal Comedy,2020s,61503,True
the-horizon,-4.997,0.465,-2.567,The Horizon,Survival,2010s,62444,True
the-infinite-mage,-41.016,0.448,-26.431,The Infinite Mage,Magic,2020s,36798,True
the-knight-only-lives-today,-32.447,0.46,-19.64,The Knight Only Lives Today,Time Loop,2020s,23105,False
the-lazy-lord-masters-the-sword,7.955,0.462,3.833,The Lazy Lord Masters the Sword,Swordplay,2020s,30582,True
the-legend-of-the-northern-blade,-74.414,0.451,-68.25,The Legend of the Northern Blade,Martial Arts,2010s,43700,True
the-max-level-hero-strikes-back,-24.12,0.475,-13.82,The Max Level Hero Strikes Back!,Politics,2020s,30140,False
the-novel-s-extra,-68.214,0.478,-57.386,The Novel's Extra,Isekai,2020s,27376,False
the-player-who-can-t-level-up,29.034,0.444,12.763,The Player Who Can't Level Up,Dungeon,2020s,34275,False
the-reaper,-29.301,0.451,-17.361,The Reaper,Assassins,2020s,21292,False
the-reason-why-raeliana-ended-up-at-the-duke-s-mansion,-29.328,0.442,-17.38,The Reason Why Raeliana Ended Up at the Duke's Mansion,Isekai,2010s,27738,False
the-reborn-young-lord-is-an-assassin,-27.102,0.458,-15.827,The Reborn Young Lord is an Assassin,Assassins,2020s,21619,False
the-regressed-mercenary-has-a-plan,22.237,0.457,10.054,The Regressed Mercenary Has a Plan,Revenge,2020s,20197,False
the-remarried-empress,-73.715,0.444,-66.9,The Remarried Empress,Royal Affairs,2010s,19909,False
the-return-of-the-8th-class-mage,19.988,0.448,9.124,The Return of the 8th Class Mage,Age Regression,2020s,26274,False
the-return-of-the-disaster-class-hero,-11.112,0.448,-5.898,The Return of the Disaster-Class Hero,Revenge,2020s,36266,True
the-skeleton-soldier-failed-to-defend-the-dungeon,-55.625,0.459,-40.681,The Skeleton Soldier Failed to Defend the Dungeon,Time Manipulation,2010s,24497,False
the-sound-of-magic-annarasumanara,35.551,0.461,15.23,The Sound of Magic: Annarasumanara,Philosophy,2010s,20957,False
the-stellar-swordmaster,-1.968,0.452,-0.995,The Stellar Swordmaster,Swordplay,2020s,27294,True
the-swordmaster-s-son,31.038,0.463,13.534,The Swordmaster's Son,Age Regression,2020s,40510,True
the-villainess-turns-the-hourglass,-57.598,0.456,-42.958,The Villainess Turns the Hourglass,Revenge,2020s,21675,False
the-world-after-the-fall,170.474,0.466,49.819,The World After the Fall,Dungeon,2020s,41800,True
time-limited-genius-dark-knight,-40.117,0.465,-25.674,Time-Limited Genius Dark Knight,Isekai,2020s,17432,False
tomb-raider-king,-22.924,0.461,-13.037,Tomb Raider King,Mythology,2010s,34427,False
tower-of-god,21.635,0.458,9.806,Tower of God,Super Power,2010s,97490,True
unholy-blood,-22.792,0.469,-12.951,Unholy Blood,Vampire,2020s,24795,False
villain-to-kill,-46.076,0.455,-30.922,Villain to Kill,Super Power,2020s,21111,False
villains-are-destined-to-die,-70.581,0.482,-61.261,Villains Are Destined to Die,Villainess,2020s,39742,False
viral-hit,-46.993,0.465,-31.781,Viral Hit,Martial Arts,2010s,27497,False
weak-hero,-0.794,0.476,-0.399,Weak Hero,School,2010s,21008,False
who-made-me-a-princess,-25.655,0.456,-14.843,Who Made Me a Princess,Reincarnation,2010s,38532,False
wind-breaker,126.615,0.45,40.96,Wind Breaker,Cycling,2010s,41303,False
your-throne,-10.624,0.454,-5.624,Your Throne,Revenge,2020s,21561,False
